/feed.rss /index.xml 302
/feed.xml /index.xml 302
/feed /index.xml 302
/blog /atscale/ 301
/book /architectingforscale/ 302
/la https://leeatchison.com 302
/atchisontechnology https://atchisontechnology.com 302
/belitopia https://belitopia.com 301
/stosa https://stosa.org 301
/podcast /mda/ 301
/newsroom / 301
/mda/listen https://mdacast.com/listen 302
/listen https://mdacast.com/listen 302
/leeatscale /atscale/ 301
/interviews/2017-01-01-dzone /atscale/2017/01/01/monitoring-the-dynamic-cloud/ 301
/index.php / 301
/featured / 301
/events/past / 301
/events / 301
/c9d9 /atscale/2018/07/30/continuous-discussions-c9d9-podcast-episode-89-the-devops-toolchain/ 301
/%20architectingforscale /architectingforscale/ 301
/atscale/lee-in-diginomica-two-of-the-top-six-articles-of-the-year /atscale/2018/12/23/lee-in-diginomica-top-six/ 301
/atscale/2018-11-01-cloud-adoption-australia-new-zealand /atscale/2018/11/01/cloud-adoption-australia-new-zealand/ 301
/atscale/2018-09-17-xmatters /atscale/2018/09/17/xmatters/ 301
/atscale/2018-09-05-futurestack_australia /atscale/2018/09/05/futurestack_australia/ 301
/atscale/2018-08-28-microservice-architectures-what-they-are-and-why-you-should-use-them /atscale/2018/08/28/microservice-architectures-what-they-are-and-why-you-should-use-them/ 301
/atscale/2018-08-21-lee-atchison-to-present-at-cloud-expo-ny-2018 /atscale/2018/08/21/lee-atchison-to-present-at-cloud-expo-ny-2018/ 301
/atscale/2018-08-13-key-takeaways-from-continuous-discussions-podcast-the-devops-toolchain /atscale/2018/08/13/key-takeaways-from-continuous-discussions-podcast-the-devops-toolchain/ 301
/atscale/2018-07-11-great-serverless-debate /atscale/2018/07/11/great-serverless-debate/ 301
/atscale/2018-07-08-beyond-lift-n-shift /atscale/2018/07/08/beyond-lift-n-shift/ 301
/atscale/2018-06-25-preparing-to-adopt-the-cloud-10-step-guide /atscale/2018/06/25/preparing-to-adopt-the-cloud-10-step-guide/ 301
/atscale/2018-06-13-building-a-cloud-roadmap /atscale/2018/06/13/building-a-cloud-roadmap/ 301
/atscale/2018-05-24-three-common-mistakes-adopting-cloud /atscale/2018/05/24/three-common-mistakes-adopting-cloud/ 301
/atscale/2018-04-30-serverless-kubernetes /atscale/2018/04/30/serverless-kubernetes/ 301
/atscale/2018-04-03-top-30-devops-books /atscale/2018/04/03/top-30-devops-books/ 301
/atscale/2018-02-28-multi-vs-single-tenant-cloud /atscale/2018/02/28/multi-vs-single-tenant-cloud/ 301
/atscale/2018-02-26-modern-software-podcast-multi-cloud /atscale/2018/02/26/modern-software-podcast-multi-cloud/ 301
/atscale/2018-02-12-pivot-for-dynamic-apps /atscale/2018/02/12/pivot-for-dynamic-apps/ 301
/atscale/2018-02-09-five-differences-around-globe /atscale/2018/02/09/five-differences-around-globe/ 301
/atscale/2018-02-04-dynamic-cloud /atscale/2018/02/04/dynamic-cloud/ 301
/atscale/2018-01-29-six-levels-cloud-maturity /atscale/2018/01/29/six-levels-cloud-maturity/ 301
/atscale/2017-11-17-stop-8-zurich /atscale/2017/11/17/stop-8-zurich/ 301
/atscale/2017-11-16-stop-7-munchen /atscale/2017/11/16/stop-7-munchen/ 301
/atscale/2017-11-15-stop-6-dusseldorf /atscale/2017/11/15/stop-6-dusseldorf/ 301
/atscale/2017-11-10-stop-5-amsterdam /atscale/2017/11/10/stop-5-amsterdam/ 301
/atscale/2017-11-09-stop-4-london /atscale/2017/11/09/stop-4-london/ 301
/atscale/2017-11-03-cloud-roadshow /atscale/2017/11/03/cloud-roadshow/ 301
/atscale/2017-11-02-stop-3-auckland /atscale/2017/11/02/stop-3-auckland/ 301
/atscale/2017-10-25-stop-2-melbourne /atscale/2017/10/25/stop-2-melbourne/ 301
/atscale/2017-10-23-stop-1-sydney /atscale/2017/10/23/stop-1-sydney/ 301
/atscale/2017-09-26-join-me-world-tour /atscale/2017/09/26/join-me-world-tour/ 301
/atscale/2017-08-18-futurestack-compare-the-cloud /atscale/2017/08/18/futurestack-compare-the-cloud/ 301
/atscale/2017-08-14-serverless-afraid-ask /atscale/2017/08/14/serverless-afraid-ask/ 301
/atscale/2017-08-11-pick-multi-cloud-vendors /atscale/2017/08/11/pick-multi-cloud-vendors/ 301
/atscale/2017-07-05-lambda-vs-ecs /atscale/2017/07/05/lambda-vs-ecs// 301
/atscale/2017-03-24-sunday-times /atscale/2017/03/24/sunday-times/ 301
/atscale/2017-03-08-dont-write-off-s3-fat-finger /atscale/2017/03/08/dont-write-off-s3-fat-finger/ 301
/atscale/2017-03-03-application-architecture-summit /atscale/2017/03/03/application-architecture-summit/ 301
/atscale/2017-02-23-mvp-without-architecture /atscale/2017/02/23/mvp-without-architecture/ 301
/atscale/2016-12-21-right-sized-services /atscale/2016/12/21/right-sized-services/ 301
/atscale/2016-12-14-five-predictions-for-it-in-2017 /atscale/2016/12/14/five-predictions-for-it-in-2017/ 301
/atscale/2016-09-14-visibility-into-the-migration /atscale/2016/09/14/visibility-into-the-migration/ 301
/atscale/2016-07-25-why-i-wrote-the-book /atscale/2016/07/25/why-i-wrote-the-book/ 301
/atscale/2016-07-15-thecube /atscale/2016/07/15/thecube/ 301
/atscale/2016-07-12-velocity-video /atscale/2016/07/12/velocity-video/ 301
/atscale/2016-07-09-software-engineering-daily /atscale/2016/07/09/software-engineering-daily/ 301
/atscale/2016-07-07-futurestack-uk /atscale/2016/07/07/futurestack-uk/ 301
/atscale/2016-06-01-day-at-fenway /atscale/2016/06/01/day-at-fenway/ 301
/atscale/2016-05-03-using-hybrid-clouds-part-4 /atscale/2016/05/03/using-hybrid-clouds-part-4/ 301
/atscale/2016-04-27-using-hybrid-clouds-part-3 /atscale/2016/04/27/using-hybrid-clouds-part-3/ 301
/atscale/2016-04-21-using-hybrid-clouds-part-2 /atscale/2016/04/21/using-hybrid-clouds-part-2/ 301
/atscale/2016-04-21-using-hybrid-clouds-part-1 /atscale/2016/04/21/using-hybrid-clouds-part-1/ 301
/atscale/2016-04-14-change-and-the-cloud /atscale/2016/04/14/change-and-the-cloud/ 301
/atscale/2016-03-30-cloud-with-a-chance-of-scaling /atscale/2016/03/30/cloud-with-a-chance-of-scaling/ 301
/atscale/2016-03-04-distributing-the-cloud-part-3 /atscale/2016/03/04/distributing-the-cloud-part-3/ 301
/atscale/2016-03-03-distributing-the-cloud-part-2 /atscale/2016/03/03/distributing-the-cloud-part-2/ 301
/atscale/2016-03-03-distributing-the-cloud-part-1 /atscale/2016/03/03/distributing-the-cloud-part-1/ 301
/atscale/2016-02-25-thecoup /atscale/2016/02/25/thecoup/ 301
/atscale/2016-02-12-cloudexpo /atscale/2016/02/12/cloudexpo/ 301
/atscale/2016-02-09-newrelic-microservices /atscale/2016/02/09/newrelic-microservices/ 301
/atscale/2016-01-29-the-new-stack-podcast /atscale/2016/01/29/the-new-stack-podcast/ 301
/atscale/2016-01-28-early-release-v2 /atscale/2016/01/28/early-release-v2/ 301
/atscale/2016-01-14-availability /atscale/2016/01/14/availability/ 301
/atscale/2016-01-06-why-services /atscale/2016/01/06/why-services/ 301
/atscale/2015-12-29-welcome /atscale/2015/12/29/welcome/ 301
/articles/2018-01-09-five_revealing_differences /atscale/2018/02/09/five-revealing-differences-in-cloud-adoption-around-the-world/ 301
/articles/2016-07-13-why_i_wrote_book /atscale/2016/07/25/why-i-wrote-the-book/ 301
/articles/2016-04-01-change_and_the_cloud /atscale/2016/04/14/change-and-the-cloud/ 301
/2018/04/23/forget-aws-lambda-kubernetes-this-is-the-future-of-serverless /atscale/2018/04/23/forget-aws-lambda-so-long-kubernetes-this-is-the-future-of-serverless/ 301
/2018-04-23-forget-aws-lambda-kubernetes-this-is-the-future-of-serverless /atscale/2018/04/23/forget-aws-lambda-so-long-kubernetes-this-is-the-future-of-serverless/ 301
/2020/* /atscale/2020/:splat
/2019/* /atscale/2019/:splat
/2018/* /atscale/2018/:splat
/2017/* /atscale/2017/:splat
/2016/* /atscale/2016/:splat
/* /404.html 404
